M_BH,log_sigma0,log_R_e_sph_eq_kpc,<Sigma>_e,"GJC23log(M*,gal/M_sun)",GJC23log(sSFR),GJC23W2-W3
9.380211242,2.471453074,0.88525942,1.785337533,11.24,-12.00346274,0.39
9.102971119,2.515012345,0.960194796,2.871399479,11.47,-12.47261362,0.02
7.591064607,2.296072566,0.321784783,2.132828807,10.64,-11.64788851,0.27
8.903089987,2.388509715,1.2397098,2.507698999,11.52,-9.806382631,3.0
8.667597357,2.521438846,1.492832998,0.756940013,11.23,-12.72349497,0.17
9.649324444,2.424277122,0.798620955,3.029950764,11.39,-15.69103,0.07
10.2797881,2.52040492,1.2216458,2.660104079,11.71,-15.23287875,-0.34
9.614930156,2.492718494,1.150179043,1.507212102,11.39,-15.08897,-0.21
8.243991495,2.133858125,0.361727836,1.214911114,10.13,-14.43103,-0.09
8.626649265,2.306360683,0.430993652,2.084065451,10.64,-14.94103,0.12
8.376651431,2.375755035,0.474726042,1.963010206,10.63,-12.04907502,0.5
8.486884391,2.330819466,0.904715545,1.569497599,11.03,-13.16076828,0.06
8.165530387,2.346724509,0.895422546,1.639881284,11.13,-11.72963473,0.73
8.632971961,2.288338669,0.662795595,1.648286799,10.56,-14.86103,-0.13
9.935784689,2.488635311,1.476472224,0.924310434,11.45,-14.79678749,-0.43
9.473661779,2.390139938,0.921721842,2.798623343,11.3,-15.60103,-0.03
9.205902972,2.472361457,0.836229143,1.781613505,11.17,-11.98530857,0.22
8.967248359,2.466363368,0.270306091,2.250655847,10.47,-14.77103,0.0
8.949362745,2.443403817,1.042693618,1.488637792,11.14,-15.44103,-0.04
9.359828843,2.450218306,1.00635906,1.708339968,11.41,-12.07958623,0.28
7.948528026,2.251784177,0.430349226,1.859662749,10.53,-12.04855737,0.15
9.85308953,2.509202522,0.848503174,1.947074032,11.31,-12.01996539,0.33
8.669202453,2.3984782,0.705564391,2.675096484,10.77,-12.11872199,0.5
8.586157273,2.357534655,0.883093359,1.477033686,10.89,-11.81959268,0.42
9.670438916,2.519171464,0.798375758,3.040975482,11.24,-12.02277934,0.42
8.096544137,2.218062618,1.086359831,0.925802214,10.65,-12.10967053,0.09
10.29216588,2.594436751,1.433238438,1.272167091,11.72,-15.02103,-0.17
8.854217576,2.400365273,0.63818964,2.052956518,11.02,-11.9361392,0.22
9.863471037,2.536987475,0.655836396,3.303621758,11.64,-12.46739707,0.04
8.198834386,2.261476989,0.764728927,1.417646317,10.7,-15.00103,-0.23
9.037788561,2.375132994,0.981863891,1.537140785,11.18,-15.48103,-0.13
8.77237707,2.494599796,1.161613534,1.555333051,11.51,-11.49229903,1.05
9.348897423,2.445495227,0.765790706,3.04066011,11.22,-11.69031305,0.58
9.354518696,2.501196242,1.107820267,1.417714896,11.29,-15.11390874,-0.01
9.095861513,2.46155855,1.322382641,1.256686277,11.44,-14.62708664,-0.38
